编号,名称,环境,标签,描述
1,0World2Create-Universal-1.19-1.20.X-1.0.0.jar,客户端,#工业自动化,修复旁观模式下生物抽搐问题
2,abnormals_delight-1.20.1-5.0.0.jar,双端类,"""#食物与农业,#整合与联动[Team Abnormals & Farmers Delight]""",联动Team Abnormals的模组与农夫乐事
3,Ad-Astra-Giselle-Addon-forge-1.20.1-6.20.jar,双端类,"""#工业自动化,#整合与联动[Ad Astra & Giselle]""",Ad Astra扩展，添加便利物品和兼容性
4,ad_astra-forge-1.20.1-1.15.20.jar,双端类,"""#交通与运输,#工业自动化""",星际探索科技模组，可建造火箭和空间站
5,adtetra-2.1.0.jar,双端类,"""#工业自动化,#整合与联动[Ad Astra & Tetra]""",允许使用Ad Astra材料制作Tetra工具
6,AdvancementPlaques-1.20.1-forge-1.6.9.jar,客户端,#界面增强,美化进度弹窗，用发光窗口取代默认提示
7,AE2-Things-1.2.1.jar,双端类,"""#工业自动化,#整合与联动[AE2]""",AE2扩展，添加额外功能和物品
8,ae2ct-1.20.1-1.1.0.jar,双端类,"""#工业自动化,#整合与联动[AE2 & Create Tech]""",AE2扩展，连接终端功能增强
9,ae2wtlib-15.2.3-forge.jar,双端类,"""#库与依赖,#工业自动化,#整合与联动[AE2 & Wireless Terminal]""",AE2无线终端库，为其他模组提供支持
10,alex_cave_addon-5.1.0-1.20.1.jar,双端类,"""#世界扩展,#整合与联动[Alexs Caves]""",Alex's Caves扩展，增强Boss行为
11,AlexCaves-Delight-Addon-1.0.jar,双端类,"""#食物与农业,#整合与联动[Alexs Caves & Farmers Delight]""",Alex's Caves与农夫乐事联动食物
12,alexscaves-2.0.2.jar,双端类,#世界扩展,添加新洞穴维度、生物和方块
13,alexscavestrimmed-2.0.0.jar,双端类,#世界扩展,Alex's Caves的轻量优化版本
14,alexsdelight-1.5.jar,双端类,"""#食物与农业,#整合与联动[Alexs Mobs & Farmers Delight]""",Alex's Mobs与农夫乐事联动食物
15,alexsmobs-1.22.9.jar,双端类,#世界扩展,添加大量新生物和相关物品
16,alltheleaks-1.0.2+1.20.1-forge.jar,双端类,#性能优化,修复各种内存泄漏问题，提升游戏性能
17,AlwaysEat-5.2.jar,客户端,#辅助工具,允许在饥饿值满时继续吃东西
18,amendments-1.20-2.2.1.jar,双端类,#辅助工具,增强原版游戏体验，添加新特性
19,ApothicAttributes-1.20.1-1.3.7.jar,双端类,#装备与战斗,为装备添加额外属性槽位
20,appleskin-forge-mc1.20.1-2.5.1.jar,客户端,#界面增强,显示详细的饥饿值和饱和度信息
21,appliedenergistics2-forge-15.4.8.jar,双端类,#工业自动化,数字物品存储系统，提供高效存储方案
22,architectury-9.2.14-forge.jar,双端类,#库与依赖,跨模组API，提供模组间兼容性支持
23,art_of_forging-1.8.4-1.20.1.jar,双端类,#装备与战斗,增强锻造系统，添加高级锻造功能
24,astikorcarts-1.20.1-1.1.8.jar,双端类,#交通与运输,添加多种装饰性和功能性马车
25,AttributeFix-Forge-1.20.1-21.0.4.jar,双端类,#装备与战斗,修复属性计算问题，提升平衡性
26,bakeries-1.20.1-forge-1.2.0.jar,双端类,#食物与农业,添加烘焙食物和烹饪机制
27,balm-forge-1.20.1-7.3.34-all.jar,双端类,#库与依赖,跨平台模组API库，为其他模组提供支持
28,BeeFix-1.20-1.0.7.jar,双端类,#辅助工具,修复蜜蜂相关问题的模组
29,BetterAdvancements-NeoForge-1.20.1-0.4.2.25.jar,客户端,#界面增强,美化进度界面显示
30,bettercombat-forge-1.8.6+1.20.1.jar,双端类,#装备与战斗,改进战斗系统
31,BetterCompatibilityChecker-forge-4.0.8+mc1.20.1.jar,客户端,#辅助工具,检查模组兼容性
32,BetterF3-7.0.2-Forge-1.20.1.jar,客户端,#界面增强,增强调试信息显示
33,biomemusic-1.20.1-3.5.jar,客户端,"""#界面增强,#世界扩展""",根据生物群系播放音乐
34,biomereplacer-2.1-hippo-forge.jar,双端类,#世界扩展,替换和调整生物群系
35,blueprint-1.20.1-7.1.3.jar,双端类,#库与依赖,Team Abnormals模组的共享库
36,blueprintfix-forge-1.0.0-1.20.1.jar,双端类,#库与依赖,修复Blueprint和Continuity在Forge上的材质问题
37,Bookshelf-Forge-1.20.1-20.2.13.jar,双端类,#库与依赖,提供代码、框架和实用工具的库模组，改善Minecraft内容创建体验
38,botarium-forge-1.20.1-2.3.4.jar,双端类,#库与依赖,跨平台API，简化物品、流体和能量的传输与存储
39,Bountiful-6.0.4+1.20.1-forge.jar,双端类,#辅助工具,添加赏金板，完成收集方块和物品的任务获得奖励
40,BrewinAndChewin-1.20.1-3.2.1.jar,双端类,"""#食物与农业,#整合与联动[Farmers Delight]""",Farmer's Delight扩展模组，添加酿酒桶和发酵机制
41,butchercraft-2.4.1.jar,双端类,#食物与农业,屠宰动物获取更多肉类和资源，注重卫生安全
42,caelus-forge-3.2.0+1.20.1.jar,双端类,#交通与运输,将鞘翅飞行机制抽象为通用属性，供开发者使用
43,carryon-forge-1.20.1-2.1.2.7.jar,双端类,#辅助工具,允许玩家拿起方块实体和生物并携带移动
44,casualness_delight-1.20.1-0.4n.jar,双端类,"""#食物与农业,#整合与联动[Farmers Delight]""",Farmer's Delight扩展，添加欧式美食和中式料理
45,catalogue-forge-1.20.1-1.8.0.jar,双端类,#辅助工具,替换Forge模组列表菜单，提供现代化界面和更好的搜索功能
46,cavedelight-1.0.2.jar,双端类,"""#食物与农业,#整合与联动[Farmers Delight & Alexs Caves]""",Farmer's Delight与Alex's Caves的联动模组，添加洞穴主题食物
47,charmofundying-forge-6.5.0+1.20.1.jar,双端类,"""#辅助工具,#魔法与特殊""",让不死图腾可放置在饰品槽中，无需手持即可生效
48,chat_heads-0.13.18-forge-1.20.jar,客户端类,#界面增强,在聊天消息旁显示玩家头像，便于识别聊天者身份
49,chefs-delight-1.0.3-forge-1.20.1.jar,双端类,"""#食物与农业,#整合与联动[Farmers Delight]""",为Farmer's Delight添加厨师和厨师村民职业及交易
50,citadel-2.6.2-1.20.1.jar,双端类,#库与依赖,Alex's Mods系列的轻量级库模组，提供基础功能支持
51,cloth-config-11.1.136-forge.jar,双端类,#库与依赖,为其他模组提供配置界面API的依赖库
52,Clumps-forge-1.20.1-12.0.0.4.jar,双端类,#性能优化,将经验球聚合在一起，减少游戏延迟
53,CobbleForDays-1.8.0.jar,双端类,#辅助工具,添加多级圆石生成器，提供自动化圆石生产
54,cobweb-forge-1.20.1-1.0.1.jar,双端类,#库与依赖,Crystal Nest开发团队的库模组，提供统一的配置系统
55,collectorsreap-1.20.1-1.3.4.jar,双端类,"""#食物与农业,#整合与联动[Farmers Delight]""",Farmer's Delight附属模组，新增野生食物收集系统
56,colorfulhearts-forge-1.20.1-4.3.16.jar,客户端类,#界面增强,用彩色心形代替多行血量显示，节省UI空间
57,colorwheel-forge-0.2.3+mc1.20.1.jar,客户端类,"""#性能优化,#界面增强""",使Create模组与Iris光影兼容，提升游戏性能
58,colorwheel_patcher-forge-0.2.4+mc1.20.1.jar,客户端类,"""#辅助工具,#性能优化""",自动打补丁使光影包兼容Colorwheel模组
59,comforts-forge-6.4.0+1.20.1.jar,双端类,"""#装饰与建筑,#辅助工具""",添加睡眠袋和吊床，可便携使用且不改变重生点
60,configured-forge-1.20.1-2.2.3.jar,双端类,"""#界面增强,#辅助工具""",提供模组配置GUI界面，方便修改各种模组设置
61,constructionwand-1.20.1-2.11.jar,双端类,#辅助工具,建筑法杖，可一次性放置多个方块，让建造更轻松
62,Controlling-forge-1.20.1-12.0.2.jar,双端类,#辅助工具,提供键位绑定配置和控制的实用工具
63,copycats-3.0.2+mc.1.20.1-forge.jar,双端类,#装饰与建筑,提供可以模仿其他方块外观的复制方块
64,corn_delight-1.1.9-1.20.1.jar,双端类,"""#食物与农业,#整合与联动[Farmers Delight]""",农夫乐事的玉米主题扩展，添加玉米作物和食物
65,coroutil-forge-1.20.1-1.3.7.jar,双端类,#库与依赖,Corosus的通用工具库，为其模组提供共享代码
66,cosmeticarmorreworked-1.20.1-v1a.jar,客户端类,#界面增强,允许同时显示盔甲和装饰性盔甲
67,cosmopolitan-1.20.1-1.1.0.jar,双端类,#装饰与建筑,添加了美化世界的建筑方块和装饰品
68,CrabbersDelight-1.20.1-1.1.7e.jar,双端类,"""#食物与农业,#整合与联动[Farmers Delight]""",农夫乐事的扩展，添加海鲜类食物和烹饪配方
69,cratedelight-25.08.08-1.20-forge.jar,双端类,"""#食物与农业,#整合与联动[Farmers Delight & Create]""",添加了与农夫乐事兼容的食物存储方案
70,Create More Recipes-1.20.1-1.2.1.jar,双端类,"""#食物与农业,#整合与联动[Create]""",为Create添加更多配方，扩展合成可能性
71,create-1.20.1-6.0.6.jar,双端类,#工业自动化,添加了各种自动化机械和动力传输系统
72,Create-Better-Storages-Forge-1.20.1-1.1a.Release-all.jar,双端类,"""#装饰与建筑,#辅助工具""",为Create扩展更大容量的存储解决方案
73,create-confectionery1.20.1_v1.1.0.jar,双端类,#食物与农业,为Create添加糖果和甜点制作功能
74,Create-Delight-Core-1.20.1-2.2.0.jar,双端类,"""#食物与农业,#整合与联动[Create & Farmers Delight]""",Create与农夫乐事的联动核心模组
75,create-new-age-forge-1.20.1-1.1.4.jar,双端类,"""#工业自动化,#装备与战斗""",为Create添加原子能和高级科技内容
76,create-stuff-additions1.20.1_v2.1.0.jar,双端类,"""#装备与战斗,#交通与运输""",添加使用Create动力的装备和工具
77,create_central_kitchen-1.20.1-for-create-6.0.4-1.4.1.jar,双端类,#工业自动化,将多种食物模组与动力机械联动
78,create_compatible_storage-2.5.1.jar,双端类,#工业自动化,为动力机械添加兼容的存储容器
79,create_connected-1.1.7-mc1.20.1-all.jar,双端类,#工业自动化,让动力机械的方块连接时更美观
80,create_deepfried-0.1.3B.jar,双端类,#工业自动化,添加了使用动力机械制作油炸食品
81,create_enchantment_industry-1.3.3-for-create-6.0.6.jar,双端类,#工业自动化,用动力机械自动化附魔过程
82,create_jetpack-forge-4.4.1.jar,双端类,#工业自动化,添加了使用动力机械制造的喷气背包
83,create_jetpack_curios-1.2.0-forge-1.20.1.jar,客户端类,#工业自动化,让动力机械喷气背包可装备在curios槽位
84,create_mechanical_spawner-1.20.1-0.1.7-6.0.6.jar,双端类,#工业自动化,用动力机械自动化生成生物
85,create_oppenheimered-1.0.5.jar,双端类,#工业自动化,添加了制造核反应堆和炸弹的机器
86,create_ratatouille-1.20.1-1.3.5.jar,双端类,#工业自动化,将多种食物模组与动力机械联动
87,create_rustic_structures-1.0.0-forge-1.20.1.jar,双端类,#工业自动化,添加了乡村风格的结构和建筑方块
88,create_structures_arise-162.35.34-forge-1.20.1.jar,双端类,#工业自动化,添加了新的世界生成结构
89,createaddition-1.20.1-1.3.2.jar,双端类,#工业自动化,为动力机械添加了电能和其他科技元素
90,createbetterfps-1.20.1-1.1.1.jar,客户端类,#工业自动化,优化动力机械的渲染性能
91,createbicbit-1.20.1-1.0.1B.jar,双端类,#工业自动化,添加了与动力机械集成的高级电路
92,createbigcannons-5.9.1-mc.1.20.1-forge.jar,双端类,#工业自动化,添加了大型火炮武器系统
93,createcafe-1.2.4-1.20.1.jar,双端类,#工业自动化,添加使用Create机械制作的奶茶和咖啡等饮品
94,createdeco-2.0.3-1.20.1-forge.jar,双端类,#工业自动化,添加工业风格的装饰方块，如走道、栏杆、窗户等
95,createdieselgenerators-1.20.1-1.3.5.jar,双端类,#工业自动化,添加使用柴油发电的发电机和相关设备
96,createfluidstuffs-1.2.0-all.jar,双端类,#工业自动化,扩展Create的流体系统，添加新的流体处理机制
97,createliquidfuel-2.1.1-1.20.1.jar,双端类,#工业自动化,添加液体燃料的制作和使用系统
98,createmetallurgy-0.0.7-HF-1.20.1.jar,双端类,#工业自动化,添加扩展的冶金系统和金属加工
99,createoreexcavation-1.20-1.6.4.jar,双端类,#工业自动化,添加使用Create机械的自动化挖矿系统
100,createrailwaysnavigator-forge-1.20.1-beta-0.8.4-C6.jar,客户端类,#工业自动化,为Create铁路系统添加导航功能
101,createstuffadditionsfix-forge-1.20.1-0.0.0.1.jar,双端类,#工业自动化,修复create-stuff-additions的一些问题
102,createultimine-1.20.1-forge-1.1.1.jar,客户端类,#工业自动化,添加连锁挖矿功能，提高挖掘效率
103,createutilities-0.3.2+1.20.1.jar,双端类,"""#工业自动化,#交通与运输""",Create生态的扩展模组，添加虚空传输功能，可远距离传输动力、物品和流体
104,CreativeCore_FORGE_v2.12.32_mc1.20.1.jar,双端类,#库与依赖,CreativeMD开发的核心库模组，为其他模组提供GUI-API、数据包系统等基础功能
105,creeperoverhaul-3.0.2-forge.jar,双端类,#辅助工具,重新设计苦力怕的外观，添加多种变种
106,cristellib-1.1.6-forge.jar,双端类,#库与依赖,提供核心功能库，供其他模组使用
107,Crystal-Clear-2.0-Beta-forge.jar,双端类,"""#装饰与建筑,#整合与联动[Create]""",为Create添加玻璃外壳和透明管道装饰
108,cuisinedelight-1.1.17.jar,双端类,"""#食物与农业,#整合与联动[Farmers Delight]""",扩展农夫乐事的食物系统
109,CullLessLeaves-Reforged-1.20.1-1.0.5.jar,客户端,#性能优化,优化树叶渲染，提升9%的游戏帧率性能
110,culturaldelights-0.16.5.jar,双端类,#食物与农业,添加世界各地的特色食物和农作物
111,cupboard-1.20.1-2.7.jar,双端类,#辅助工具,添加可存储物品的橱柜和储物方块
112,curios-forge-5.14.1+1.20.1.jar,双端类,"""#库与依赖,#装备与战斗""",灵活的配件/装备API，允许开发者添加额外的装备槽位，玩家可配置这些槽位
113,curiouslanterns-1.20.1-1.3.7.jar,双端类,#辅助工具,允许将灯笼装备在腰间配件槽位，提供手持照明
114,CustomMachinery-forge-1.20.1-0.10.7.jar,双端类,#工业自动化,允许创建自定义机器，支持数据和脚本配置
115,customportalapi-0.0.1-forge-1.20.jar,双端类,#辅助工具,提供自定义传送门API，简化维度传送门创建
116,CustomSkinLoader_ForgeV2-14.25.jar,客户端,#辅助工具,支持加载自定义皮肤，包括HD皮肤和本地皮肤
117,design_decor-0.4.1b-1.20.1.jar,双端类,"""#装饰与建筑,#整合与联动[Create]""",Create装饰扩展，添加新 variants 的装饰方块
118,displaydelight-1.2.0.jar,双端类,"""#装饰与建筑,#食物与农业,#整合与联动[Farmers Delight & Create]""",允许将食物以3D形式放置，增强装饰性
119,doaddonfluids-forge-1.3.0.jar,双端类,#工业自动化,为建筑添加流体处理功能
120,DramaticDoors-QuiFabrge-1.20.1-3.3.1.jar,双端类,#装饰与建筑,添加3格高的门，解决末影人歧视问题
121,dreadsteel-1.20.1-1.1.9.jar,双端类,"""#装备与战斗,#魔法与特殊""",高级装备模组，提供超越龙钢的强力套装
122,drippyloadingscreen_forge_3.0.12_MC_1.20.1.jar,客户端,#界面增强,自定义加载界面，添加背景、文字和布局编辑器
123,dummmmmmy-1.20-2.0.9.jar,双端类,#辅助工具,添加目标假人，显示伤害数字并可装备装备测试
124,dynamic-fps-3.9.5+minecraft-1.20.0-forge.jar,客户端,#性能优化,动态FPS控制，在后台时降低资源占用
125,dynamiccrosshair-9.8+1.20.1-forge.jar,客户端,"""#界面增强,#性能优化""",动态准星，根据上下文隐藏或改变准星样式
126,EclipticSeasons-1.20.1-forge-0.12.0-pre11-4-0-1-all.jar,双端类,#世界扩展,黄道季节系统，为游戏添加真实的四季变化，影响天气、植被和生物行为
127,ElysiumAPI-1.20.1-1.1.3.jar,双端类,#库与依赖,API库模组，为其他模组提供基础功能和工具支持
128,elytraslot-forge-6.4.4+1.20.1.jar,客户端,#辅助工具,添加独立的鞘翅装备槽，允许玩家同时穿戴胸甲和鞘翅
129,embeddium-0.3.31+mc1.20.1.jar,客户端,#性能优化,基于Sodium的性能优化模组，大幅提升游戏帧率和渲染效率
130,EnchantmentDescriptions-Forge-1.20.1-17.1.19.jar,客户端,#界面增强,为所有附魔添加详细的中文描述，方便玩家了解附魔效果
131,endergetic-1.20.1-5.0.1.jar,双端类,#世界扩展,末地生态扩展，为末地维度添加新生物群系、生物和生态系统
132,endertrigon-1.20.1-1.1-all.jar,双端类,#世界扩展,末地三角扩展，为末地添加新的游戏元素和机制
133,ends_delight-2.5.1+forge.1.20.1.jar,双端类,"""#食物与农业,#世界扩展,#整合与联动[Farmers Delight]""",农夫乐事的末地扩展，添加末地主题的食物和烹饪配方
134,enhanced_boss_bars-1.20.1-1.0.0.jar,客户端,#界面增强,增强Boss血条显示，添加更多信息和视觉效果
135,entityculling-forge-1.8.2-mc1.20.1.jar,客户端,#性能优化,实体渲染优化，不渲染视野外的实体，提升大量实体场景的性能
136,escalated-1.1.0-create.6.0.6-mc.1.20.1-forge.jar,双端类,#工业自动化,Create扩展，增强和升级传送带系统，为自动化物流添加高级功能
137,EuphoriaPatcher-1.6.5-r5.5.1-forge.jar,客户端,#性能优化,综合性性能优化补丁，修复游戏问题并优化内存使用
138,ExplorersCompass-1.20.1-1.3.3-forge.jar,双端类,#辅助工具,探险家指南针，帮助玩家快速定位和寻找特定生物群系
139,ExtendedAE-1.20-1.4.4-forge.jar,双端类,"""#工业自动化,#整合与联动[AE2]""",AE2扩展，为ME系统添加更多存储组件和自动化功能
140,fancymenu_forge_3.7.0_MC_1.20.1.jar,客户端,#界面增强,华丽菜单，完全自定义游戏菜单界面，支持动画和特效
141,FarmersDelight-1.20.1-1.2.9.jar,双端类,#食物与农业,农夫乐事主模组，添加完整的烹饪系统、新作物和丰富食物
142,farmersrespite-1.20.1-2.1.2.jar,双端类,"""#食物与农业,#整合与联动[Farmers Delight]""",农夫乐事茶主题扩展，添加茶叶种植制作系统和多种茶类
143,farsight-1.20.1-3.7.jar,客户端,#性能优化,远视增强，增加渲染距离并优化远距离渲染性能
144,fastboot-1.20.x-1.2.jar,客户端,#性能优化,快速启动优化，通过优化资源加载加快游戏启动速度
145,ferritecore-6.0.1-forge.jar,双端类,#性能优化,铁芯内存优化，优化内存使用和对象引用管理，提升稳定性
146,festival_delicacies-1.20.1-1.0-beta.jar,双端类,#食物与农业,节日美食，添加各种节日主题的食物和食谱，营造节日氛围
147,flerovium-forge-1.20.1-1.2.15-all.jar,双端类,#工业自动化,鈇元素高级材料，添加稀有强大的新材料和合金系统
148,flickerfix-1.20.1-4.0.1.jar,客户端,#性能优化,闪烁修复，修复光照和方块渲染闪烁问题，改善视觉体验
149,forge-dungeonsdelight-1.20.1-1.2.6.jar,双端类,"""#食物与农业,#世界扩展,#整合与联动[Farmers Delight]""",地牢美食，将地牢生物转化为食材，添加冒险风格食物
150,framework-forge-1.20.1-0.7.15.jar,双端类,#库与依赖,框架库模组，为其他模组提供API支持和基础框架
151,fruitsdelight-1.1.1.jar,双端类,#食物与农业,水果乐事，添加各种水果、果冻和果汁等食品
152,frycooks_delight-1.20.1-1.0.1.jar,双端类,#食物与农业,农夫乐事风格的油炸食物模组，添加炸鸡、炸鱼、甜甜圈等油炸食品
153,ftb-chunks-forge-2001.3.6.jar,双端类,"""#辅助工具,#界面增强""",FTB区块模组，允许玩家声明区块、保护建筑，并提供小地图和大地图功能
154,ftb-essentials-forge-2001.2.3.jar,双端类,#辅助工具,FTB基础功能模组，为服务器添加大量实用的管理和便利指令
155,ftb-library-forge-2001.2.10.jar,双端类,#库与依赖,FTB团队的库模组，为FTB系列模组提供GUI框架和通用功能支持
156,ftb-quests-forge-2001.4.14.jar,双端类,"""#辅助工具,#界面增强""",FTB任务系统模组，提供轻量级的团队任务管理和自定义任务功能
157,ftb-ranks-forge-2001.1.7.jar,服务端,#辅助工具,FTB权限管理模组，提供精细的权限和等级管理系统
158,ftb-teams-forge-2001.3.1.jar,服务端,#辅助工具,FTB团队系统模组，允许玩家创建和管理团队，支持团队协作功能
159,ftb-ultimine-forge-2001.1.7.jar,双端类,#辅助工具,FTB连锁挖矿模组，支持大面积连锁挖掘同类型方块，提高挖矿效率
160,ftb-xmod-compat-forge-2.1.3.jar,双端类,#整合与联动,FTB跨模组兼容性补丁，使FTB模组与其他模组更好地集成
161,ftbquestlocalizer-1.20.1-forge-3.2.2.jar,双端类,"""#界面增强,#辅助工具""",FTB任务本地化模组，为任务内容提供多语言支持
162,functionalstorage-1.20.1-1.2.13.jar,双端类,"""#工业自动化,#装饰与建筑""",功能存储模组，提供大容量的分类存储系统和自动化存取功能
163,GatewaysToEternity-1.20.1-4.2.6.jar,双端类,"""#魔法与特殊,#装备与战斗""",永恒之门模组，添加传送门系统和Boss挑战内容
164,geckolib-forge-1.20.1-4.7.4.jar,双端类,#库与依赖,动画库，为实体、方块和物品提供3D动画支持
165,Glodium-1.20-1.5-forge.jar,双端类,#库与依赖,Glodium库模组，为特定模组提供API支持和功能集成
166,guideme-20.1.12.jar,双端类,#界面增强,向导模组，提供游戏内引导和教程系统，帮助玩家学习游戏机制
167,hamsters-forge-1.0.3-1.20.1.jar,双端类,"""#世界扩展,#装饰与建筑""",仓鼠模组，添加可爱的仓鼠宠物和相关的交互内容
168,hotai-1.0.jar,客户端,#界面增强,热AI模组，提供游戏内AI助手功能，帮助玩家解答问题
169,hotbath-1.20.1-2.0.1.jar,双端类,#食物与农业,热水浴模组，添加浴缸和温泉功能，提供恢复和放松效果
170,hotdog_delight-0.3.jar,双端类,#食物与农业,热狗乐事模组，添加各种热狗和相关食物，扩展烹饪系统
171,iceandfire-2.1.13-1.20.1-beta-5.jar,双端类,"""#世界扩展,#装备与战斗,#魔法与特殊""",冰与火，添加龙、神话生物和魔法内容
172,Iceberg-1.20.1-forge-1.1.25.jar,双端类,#库与依赖,为模组开发者提供事件、助手和实用工具的库
173,Icterine-forge-1.20.0-1-1.3.0.jar,双端类,#性能优化,优化成就系统特别是物品栏变化触发器
174,idas_forge-1.12.0+1.20.1.jar,双端类,"""#世界扩展,#装饰与建筑""",添加详细的地牢和结构，集成多种模组方块
175,IMBlocker-5.3.1-forge+1.17-1.20.4.jar,客户端,"""#界面增强,#辅助工具""",隐藏输入法，修复亚洲玩家输入法冲突问题
176,immersive_aircraft-1.3.3+1.20.1-forge.jar,双端类,#交通与运输,添加多种飞机，提供空中交通体验
177,immersive_paintings-0.6.8+1.20.1-forge.jar,双端类,#装饰与建筑,增强画框系统，支持自定义大小和资源包画
178,improvedmobs-1.20.1-1.13.6-forge.jar,服务端,"""#装备与战斗,#世界扩展""",增强怪物AI，使怪物更聪明更具挑战性
179,integrated_api-1.5.3+1.20.1-forge.jar,双端类,#库与依赖,Integrated系列模组的API库
180,integrated_stronghold-1.1.2+1.20.1-forge.jar,双端类,"""#世界扩展,#装饰与建筑""",添加要塞和地下结构
181,integrated_villages-1.3.0+1.20.1-forge.jar,双端类,"""#世界扩展,#装饰与建筑""",彻底改造村庄，集成装饰模组添加详细建筑
182,interiors-0.5.6+forge-mc1.20.1-local.jar,客户端,#装饰与建筑,添加室内装饰方块，美化建筑内部空间
183,iris_shader_folder-1.1.1-forge.jar,客户端,"""#界面增强,#辅助工具""",管理和整理光影包菜单，提升选择体验
184,item-filters-forge-2001.1.0-build.59.jar,双端类,"""#库与依赖,#辅助工具""",库模组，为FTB任务等提供精确物品过滤
185,ItemBorders-1.20.1-forge-1.2.2.jar,客户端,#界面增强,为物品栏添加彩色边框，让稀有物品更醒目
186,ItemPhysicLite_FORGE_v1.6.6_mc1.20.1.jar,客户端,#界面增强,为掉落物添加物理效果，仅客户端视觉
187,Jade-1.20.1-Forge-11.13.2.jar,客户端,#界面增强,方块信息显示，WAILA类模组
188,JadeAddons-1.20.1-Forge-5.5.0.jar,双端类,"""#界面增强,#辅助工具""",为Jade模组添加其他模组的集成支持
189,Jadens-Nether-Expansion-2.3.5.jar,双端类,"""#世界扩展,#装饰与建筑""",扩展下界维度，添加新内容和改进
190,jearchaeology-1.20.1-1.0.4.jar,客户端,"""#辅助工具,#界面增强""",JEI插件，显示考古学相关信息
191,jecharacters-1.20.1-forge-4.5.16.jar,客户端,"""#辅助工具,#界面增强""",支持中文拼音搜索，方便中文玩家
192,jeed-1.20-2.2.5.jar,客户端,"""#辅助工具,#界面增强""",JEI插件，显示状态效果详细信息
193,jei-1.20.1-forge-15.20.0.112.jar,双端类,#界面增强,物品和配方查看器，必备工具
194,jerintegration-5.5.0.jar,双端类,"""#库与依赖,#整合与联动[JER]""",JER兼容性补丁，增加资源支持
195,Jupiter-2.2.2-forge.jar,双端类,#库与依赖,强大的自动同步配置库
196,justenoughbreeding-forge-1.20-1.20.1-1.5.0.jar,客户端,"""#辅助工具,#整合与联动[JEI]""",显示动物繁殖信息的JEI插件
197,JustEnoughResources-1.20.1-1.4.0.247.jar,双端类,"""#辅助工具,#整合与联动[JEI]""",JEI资源扩展，显示矿物分布
198,Kambrik-6.1.1+1.20.1-forge.jar,双端类,#库与依赖,Kotlin库框架模组
199,kinetic_pixel-1.0.3-forge-1.20.1.jar,双端类,"""#装饰与建筑,#整合与联动[VPB]""",Create风格的VPB内容包
200,Kiwi-1.20.1-Forge-11.9.2.jar,双端类,#库与依赖,Minecraft模组开发库
201,konkrete_forge_1.8.0_MC_1.20-1.20.1.jar,双端类,#库与依赖,通用配置和工具库模组
202,kotlinforforge-4.11.0-all.jar,双端类,#库与依赖,为Forge添加Kotlin语言支持
203,kubejs-create-forge-2001.3.0-build.8.jar,双端类,"""#工业自动化,#整合与联动[KubeJS & Create]""",KubeJS的Create集成模组
204,kubejs-forge-2001.6.5-build.16.jar,双端类,#辅助工具,用JavaScript编辑配方和世界事件
205,kubejsdelight-1.1.2.jar,双端类,"""#食物与农业,#整合与联动[KubeJS & Delight]""",KubeJS的Delight集成模组
206,lctech-1.20.1-0.2.2.4.jar,双端类,"""#工业自动化,#整合与联动[Lightmans Currency]""",Lightman's Currency的技术扩展
207,ldlib-forge-1.20.1-1.0.43.jar,双端类,#库与依赖,自定义渲染和模块化GUI的库
208,letsdo-nethervinery-forge-1.2.19.jar,双端类,"""#食物与农业,#世界扩展,#整合与联动[Lets Do & Vinery]""",为Vinery添加下界葡萄酒内容
209,letsdo-vinery-forge-1.4.40.jar,双端类,#食物与农业,允许玩家制作葡萄酒的模组
210,letsdocompat-forge-2.2.3.jar,双端类,"""#辅助工具,#整合与联动[Lets Do]""",Let's Do系列模组的兼容性补丁
211,lightmanscurrency-1.20.1-2.2.6.3b.jar,双端类,#辅助工具,简单的货币/经济模组，支持安全交易
212,lithostitched-forge-1.20.1-1.4.11.jar,双端类,#库与依赖,世界生成的配置和兼容性增强库
213,lootjs-forge-1.20.1-2.13.0.jar,双端类,"""#辅助工具,#整合与联动[KubeJS]""",用KubeJS修改战利品系统的模组
214,lootr-forge-1.20-0.7.35.92.jar,双端类,#辅助工具,多人游戏中的实例化战利品箱模组
215,lucent-1.20.1-1.5.5.jar,客户端,#性能优化,动态光照API模组，为其他模组提供平滑的动态照明效果
216,luncheon-meat-s-delight-1.0.4-forge-1.20.1.jar,双端类,"""#食物与农业,#整合与联动[Farmers Delight & Create]""",添加午餐肉罐头，支持Create批量生产
217,Lychee-1.20.1-Forge-5.1.21.jar,双端类,#库与依赖,允许使用JSON配方定义世界内合成和交互的系统
218,man_of_many_planes-0.2.0+1.20.1-forge.jar,双端类,"""#交通与运输,#整合与联动[Immersive Aircraft & Create]""",Immersive Aircraft扩展，添加Create主题飞机
219,mcwifipnp-1.7.6-1.20.1-forge.jar,客户端,#辅助工具,局域网世界即插即用，无需服务器即可与朋友联机
220,MEED-1.20.1-7.3.jar,双端类,#界面增强,JEED扩展插件，为70+模组提供300+状态效果描述
221,megacells-forge-2.4.6-1.20.1.jar,双端类,#工业自动化,AE2扩展模组，提供更大的存储单元和合成系统
222,melody_forge_1.0.3_MC_1.20.1-1.20.4.jar,客户端,#库与依赖,基于OpenAL的音频库，为其他模组提供背景音乐功能
223,midnightlib-forge-1.4.2.jar,双端类,#库与依赖,TeamMidnightDust团队公共库，提供配置API和工具
224,MineMenu-1.20.1-1.12.3.jar,客户端,#界面增强,径向菜单模组，提供圆形菜单来存储命令和按键绑定
225,miners_delight-1.20.1-1.2.3.jar,双端类,"""#食物与农业,#整合与联动[Farmers Delight & Miners Delight]""",农夫乐事扩展，专注于洞穴烹饪和新的洞穴作物
226,modernfix-forge-5.24.4+mc1.20.1.jar,双端类,"""#性能优化,#辅助工具""",一体化性能优化模组，改善内存占用、启动速度和世界加载
227,ModernUI-Forge-1.20.1-3.11.1.6-universal.jar,双端类,"""#界面增强,#库与依赖""",嵌入式现代化UI系统，提供文本布局引擎和小部件API
228,moestweaks-forge-1.20.1-1.1.2.jar,双端类,"""#辅助工具,#性能优化""",可配置的原版行为调整模组，包含游戏机制优化和性能提升功能
229,moonlight-1.20-2.16.8-forge.jar,双端类,#库与依赖,动态资源包工具、自定义地图标记、村民AI系统和流体系统
230,morejs-forge-1.20.1-0.10.1.jar,双端类,"""#辅助工具,#库与依赖""",KubeJS扩展模组，添加更多事件和实用工具
231,MouseTweaks-forge-mc1.20.1-2.25.1.jar,客户端,"""#界面增强,#辅助工具""",改进鼠标操作，新增物品拖动机制和滚轮快速移动功能
232,multiblocked2-1.20.1-1.0.36.jar,双端类,"""#工业自动化,#辅助工具""",可视化自定义多方块机器模组，灵活创建机器结构
233,mutil-1.20.1-6.2.0.jar,双端类,#库与依赖,mickelus的通用工具库，为其模组提供共享代码
234,MyNethersDelight-1.20.1-0.1.8.jar,双端类,"""#食物与农业,#世界扩展""",下界美食扩展模组，添加新的下界食物和烹饪系统
235,mysterious_mountain_lib-1.5.23-1.20.1.jar,双端类,#库与依赖,MMF-Group模组库，提供基础方块、物品类等编码工具
236,NaturesCompass-1.20.1-1.11.2-forge.jar,双端类,#辅助工具,生物群系定位指南针，可找到任意生物群系
237,neapolitan-1.20.1-5.1.0.jar,双端类,#食物与农业,添加巧克力、香草、草莓等食物和特殊效果奶昔
238,nebulusbetterportals-1.0.8-forge-1.20.1.jar,双端类,#世界扩展,为主世界添加13种精致的废弃传送门，内含丰富战利品
239,Neruina-2.1.2-forge+1.20.1.jar,服务端,#性能优化,防止tick相关崩溃导致世界损坏的修复模组
240,netmusic-1.1.8-forge+mc1.20.1.jar,双端类,#装饰与建筑,可直接播放网易云音乐的网络CD播放器
241,NoChatReports-FORGE-1.20.1-v2.2.2.jar,双端类,#界面增强,禁用聊天报告功能，保护玩家隐私
242,Obscure-Tooltips-2.2.jar,客户端,#界面增强,增强工具提示显示效果，提供更好的物品信息展示
243,oceanic_delight-1.0.3-forge-1.20.1.jar,双端类,#食物与农业,Farmer's Delight的海洋扩展模组，添加海洋生物食物
244,oculus-mc1.20.1-1.8.0.jar,客户端,#性能优化,VR渲染支持模组，提供虚拟现实游戏体验
245,OneEnoughItem-Forge-1.0.5.1.jar,双端类,#辅助工具,解决物品重复问题，将重复物品替换为唯一指定代表物品
246,overloadedarmorbar-1.20.1-1.jar,客户端,#界面增强,护甲值超过20时显示不同颜色图标，更好的装甲显示
247,packetfixer-3.3.0-1.18-1.20.4-merged.jar,双端类,#性能优化,修复数据包和NBT相关错误，提高大型模组包稳定性
248,pattern_schematics-1.2.3+forge-1.20.1.jar,双端类,#工业自动化,Create模组的蓝图重复放置工具，支持批量建造
249,petrolpark-1.20.1-1.4.11.jar,双端类,#库与依赖,petrolpark开发团队的库模组，为其多个模组提供基础功能
250,petrolsparts-1.20.1-1.2.3-all.jar,双端类,#工业自动化,为Create添加独特的动力组件，包含新齿轮和液压传输
251,PickUpNotifier-v8.0.0-1.20.1-Forge.jar,客户端,#辅助工具,显示物品拾取通知，方便玩家管理拾取物品
252,Placebo-1.20.1-8.6.3.jar,双端类,#库与依赖,Shadows_of_Fire的共享代码库，为其多个模组提供基础功能
253,player-animation-lib-forge-1.0.2-rc1+1.20.jar,双端类,#库与依赖,为Minecraft提供玩家模型动画功能的API库
254,polyeng-forge-0.1.1-1.20.1.jar,双端类,"""#工业自动化,#整合与联动""",为AE2添加Polymorph支持的扩展模组
255,polymorph-forge-0.49.10+1.20.1.jar,双端类,"""#辅助工具,#工业自动化""",解决合成配方冲突，允许玩家选择合成结果
256,ponderjs-1.20.1-2.0.6.jar,客户端,"""#辅助工具,#整合与联动""",使用KubeJS创建自定义Create ponder教程场景
257,powerfuljs-1.6.1.jar,双端类,"""#库与依赖,#整合与联动""",KubeJS的Forge能力系统集成，支持Curios和FE
258,PresenceFootsteps-1.20.1-1.9.1-beta.1.jar,客户端,"""#界面增强,#辅助工具""",增强游戏音效，为不同方块添加独特的脚步声
259,Prism-1.20.1-forge-1.0.5.jar,客户端,"""#库与依赖,#装饰与建筑""",提供颜色相关功能的库模组，支持模组开发
260,probejs-6.0.1-forge.jar,双端类,"""#辅助工具,#库与依赖""",增强KubeJS脚本体验，为VSCode提供智能提示和类型支持
261,protection_pixel-1.1.7-forge-1.20.1.jar,双端类,#装备与战斗,机械动力附加模组，提供蒸汽朋克风格装甲
262,PuzzlesLib-v8.1.33-1.20.1-Forge.jar,双端类,#库与依赖,Fuzs模组的核心库，提供模组加载器抽象层
263,quality_food-1.20.1-2.2.6-all.jar,双端类,#食物与农业,为食物添加品质系统，提升营养和饱和度
264,Quark-4.0-462.jar,双端类,#辅助工具,模块化模组，添加大量小型原版风格功能
265,QuarkOddities-1.20.1.jar,双端类,#装饰与建筑,Quark的附属模组，添加背包、管道等特殊功能
266,questsadditions-1.4.7.jar,双端类,#辅助工具,FTB任务系统的扩展，添加新任务类型和奖励
267,radiantgear-forge-2.2.0+1.20.1.jar,双端类,#界面增强,Curios/Trinkets API与动态光源模组的兼容桥
268,radium-mc1.20.1-0.12.4+git.26c9d8e.jar,双端类,#性能优化,Lithium模组的Forge非官方分支，优化游戏性能
269,refurbished_furniture-forge-1.20.1-1.0.14.jar,双端类,#装饰与建筑,MrCrayfish家具模组的重制版，添加新家具
270,renderjs-forge-2001.2.1.jar,客户端,#库与依赖,KubeJS的渲染支持库，用于绘制HUD和物品渲染
271,resourcefulconfig-forge-1.20.1-2.1.3.jar,双端类,#库与依赖,制作跨平台配置文件的模组库
272,resourcefullib-forge-1.20.1-2.1.29.jar,双端类,#库与依赖,为其他模组提供底层支持和通用功能库
273,Resourcify (1.20.1-forge)-1.7.4.jar,客户端,#界面增强,游戏内资源包、数据包和着色器浏览器及更新器
274,rhino-forge-2001.2.3-build.10.jar,双端类,#库与依赖,JavaScript脚本引擎支持库（KubeJS相关）
275,ritchiesprojectilelib-2.1.0+mc.1.20.1-forge.jar,双端类,#库与依赖,弹射物功能扩展库
276,RunicLib-forge-1.20.1-4.3.4.jar,双端类,#库与依赖,Rune系列模组核心库
277,screenshot_viewer-1.3.2-forge-mc1.20.1.jar,客户端,#界面增强,游戏内截图查看器
278,Searchables-forge-1.20.1-1.0.3.jar,客户端,#界面增强,容器物品搜索功能
279,seasonals-1.20.1-5.0.2.jar,服务端类,#世界扩展,添加四季变化系统，影响植被和天气
280,seasonhud-forge-1.20.1-1.13.10.jar,客户端,#界面增强,显示当前季节和剩余时间的小UI
281,servercore-forge-1.5.2+1.20.1.jar,服务端类,#性能优化,优化服务端性能，减少卡顿和延迟
282,shadowizardlib-1.20.1-1.2.5.jar,双端类,#库与依赖,提供API支持，作为其他模组的依赖库
283,ShoulderSurfing-Forge-1.20.1-4.14.1.jar,客户端,#界面增强,改进第三人称视角，提供更多视角选项
284,silentsdelight-forge-1.0.1-1.20.1.jar,双端类,#食物与农业,扩展农夫乐事，添加新食物和厨具
285,SimpleBackups-1.20.1-3.1.16.jar,服务端类,#辅助工具,自动备份服务器世界，提供备份管理
286,skinlayers3d-forge-1.9.0-mc1.20.1.jar,客户端,#界面增强,将玩家的皮肤第二层渲染为3D效果
287,smsn-forge-1.2.9-1.20.1.jar,客户端,#辅助工具,阻止模组网络连接，防止加载缓慢或崩溃
288,sodiumextras-forge-1.0.7-1.20.1.jar,客户端,#性能优化,Sodium的附加功能模组，添加更多渲染选项
289,solapplepie-1.20.1-2.3.0.jar,双端类,#食物与农业,奖励玩家制作大型多样化餐食
290,solcarrot-1.20.1-1.15.1.jar,双端类,#食物与农业,通过食用不同食物永久增加最大生命值
291,some-assembly-required-1.20.1-4.2.1.jar,双端类,#食物与农业,让玩家可以设计和制作自己的三明治
292,sophisticatedbackpacks-1.20.1-3.23.26.1315.jar,双端类,#辅助工具,可放置、升级和定制的高级背包模组
293,sophisticatedbackpackscreateintegration-1.20.1-0.1.3.11.jar,双端类,#整合与联动[Sophisticated Backpacks & Create],让高级背包能在Create机械装置中使用
294,sophisticatedcore-1.20.1-1.2.83.1111.jar,双端类,#库与依赖,Sophisticated系列模组的核心库
295,soul-fire-d-forge-1.20.1-4.0.11.jar,双端类,#魔法与特殊,增强灵魂火的功能，添加新的火焰效果
296,spark-1.10.53-forge.jar,双端类,#性能优化,Minecraft性能分析工具，用于客户端和服务端
297,supermartijn642configlib-1.1.8-forge-mc1.20.jar,双端类,#库与依赖,SuperMartijn642的配置文件库
298,supermartijn642corelib-1.1.18-forge-mc1.20.1.jar,双端类,#库与依赖,SuperMartijn642的核心库，提供基础实现
299,supplementaries-1.20-3.1.37.jar,双端类,#装饰与建筑,添加罐子、指示牌、水龙头等装饰和自动化物品
300,tacz-1.20.1-1.1.4-hotfix-all.jar,双端类,#装备与战斗,添加各种现代枪械的武器模组
301,taczaddon-1.20.1-1.1.4-for1.1.4.jar,双端类,#装备与战斗,TACZ枪械模组的扩展插件，提供额外的枪械配件和改造支持
302,tectonic-3.0.12-forge-1.20.1.jar,服务端,#世界扩展,革命性的世界生成模组，创造大陆级地形、巨大山脉、地下河流和深邃海洋
303,tenshilib-1.20.1-1.7.6-forge.jar,双端类,#库与依赖,为开发者提供的库模组，包含实体动画系统、武器AOE攻击工具和实用方法
304,Terralith_1.20.x_v2.5.4.jar,服务端,#世界扩展,添加95+新生物群系，更新所有原版生物群系，包含峡谷、浮岛、深海沟等地形
305,tetra-1.20.1-6.11.0.jar,双端类,#装备与战斗,模块化工具武器系统，通过工作台创建可定制的装备，结合探索与科技元素
306,tetracelium-1.20.1-1.3.1.jar,双端类,#库与依赖,Tetra官方兼容性模组，支持将其他模组物品转换为Tetra物品，并添加新材料支持
307,tetracompat-1.0.0-all.jar,双端类,#库与依赖,增强Tetra与其他模组的兼容性，支持多种第三方模组的Tetra集成
308,tetratic-combat-expanded-1.20-2.8.3.jar,双端类,#装备与战斗,Tetra与Better Combat的兼容模组，为模块化武器提供增强的战斗系统支持
309,the_bumblezone-7.8.2+1.20.1-forge.jar,双端类,#世界扩展,蜜蜂维度模组，通过投掷末影珍珠到蜂巢进入，充满蜜蜂相关方块、结构和独特装备
310,Tips-Forge-1.20.1-12.1.8.jar,客户端,#界面增强,在游戏加载界面显示实用提示，支持模组包和模组添加自定义提示内容
311,titanium-1.20.1-3.8.32.jar,双端类,#库与依赖,HRZN工作室的库模组，为horizon模组提供共享代码
312,torchmaster-20.1.9.jar,双端类,#辅助工具,控制怪物生成的特殊火把，添加巨型火把阻止敌对生物生成
313,totw_modded-forge-1.20.1-1.0.6.jar,双端类,#世界扩展,受塞尔达传说启发的塔楼结构，在多维度生成高塔
314,Towns-and-Towers-1.12-Fabric+Forge.jar,服务端,#世界扩展,新增50多种村庄结构，兼容各地形生成模组
315,traderefresh-2.4.5.jar,服务端,#辅助工具,刷新村民交易内容，帮助快速获得更好交易组合
316,trailandtales_delight-1.3-all.jar,双端类,#食物与农业,为农夫乐事添加1.20更新相关的新食物
317,trashcans-1.0.18b-forge-mc1.20.jar,双端类,#辅助工具,多种功能的垃圾桶方块，处理多余物品、液体和能量
318,trashslot-forge-1.20-15.1.2.jar,客户端,#界面增强,在物品栏界面添加垃圾槽，方便删除不需要的物品
319,TravelersTitles-1.20-Forge-4.0.2.jar,客户端,#界面增强,进入生物群系和维度时显示RPG风格标题
320,vanillin-forge-1.20.1-1.1.3.jar,双端类,#库与依赖,花之密语模组的库模组，提供共享代码支持
321,vintage_kubejs-1.20.1-1.0.0rc-2.jar,双端类,#辅助工具,为复古改进添加KubeJS脚本支持，允许自定义配方
322,vintagedelight-0.1.6.jar,双端类,#食物与农业,农民乐事扩展，添加腌制和奶酪制作机制
323,vintageimprovements-1.20.1-0.3.5.0.jar,双端类,#工业自动化,Create模组扩展，添加新机器、材料和化学元素
324,visual_keybinder-1.20.1 - 0.1.7.jar,客户端,#界面增强,可视化按键绑定工具，帮助直观管理和配置快捷键
325,vvaddon-1.20.1-alpha3.0.1.jar,双端类,#整合与联动,Valkyrien Skies 2扩展，添加Create兼容和后坐力支持
326,watut-forge-1.20.1-1.2.3.jar,双端类,#辅助工具,显示玩家状态的视觉化工具
327,waystones-forge-1.20.1-14.1.17.jar,双端类,#交通与运输,快速传送系统
328,world_preview-forge-1.20.1-1.3.1.jar,客户端,#辅助工具,世界种子预览工具
329,Xaeros_Minimap_25.2.10_Forge_1.20.jar,客户端,#界面增强,界面小地图显示
330,xaeros_waystones_compability-1.0.jar,双端类,#整合与联动,传送石与小地图联动
331,XaerosWorldMap_1.39.12_Forge_1.20.jar,客户端,#界面增强,全屏世界地图显示
332,YeetusExperimentus-Forge-2.3.1-build.6+mc1.20.1.jar,客户端,#辅助工具,禁用实验性警告弹窗
333,yet_another_config_lib_v3-3.6.6+1.20.1-forge.jar,双端类,#库与依赖,模组配置界面库
334,youkaishomecoming-2.4.16.jar,双端类,"""#食物与农业,#世界扩展""",日式食物与东方内容
335,YungsApi-1.20-Forge-4.0.6.jar,双端类,#库与依赖,YUNG模组核心库
336,YungsBetterEndIsland-1.20-Forge-2.0.6.jar,服务端,#世界扩展,末地岛屿改选
337,YungsBetterMineshafts-1.20-Forge-4.0.4.jar,服务端,#世界扩展,废弃矿洞改进
338,YungsBetterWitchHuts-1.20-Forge-3.0.3.jar,服务端,#世界扩展,女巫小屋改进
339,YungsExtras-1.20-Forge-4.0.3.jar,服务端,#世界扩展,额外小型结构
340,Zeta-1.0-30.jar,双端类,#库与依赖,模块化模组框架库
